<?xml version="1.0" encoding="UTF-8"?>
<project-private xmlns="http://www.netbeans.org/ns/project-private/1">
    <editor-bookmarks xmlns="http://www.netbeans.org/ns/editor-bookmarks/2" lastBookmarkId="0"/>
    <open-files xmlns="http://www.netbeans.org/ns/projectui-open-files/2">
        <group>
            <file>file:/C:/Users/HP/Desktop/CasoCerrado/src/Modelo/Sospechoso.java</file>
            <file>file:/C:/Users/HP/Desktop/CasoCerrado/src/UML/uml.jpeg</file>
            <file>file:/C:/Users/HP/Desktop/CasoCerrado/src/Modelo/Homicidios.java</file>
            <file>file:/C:/Users/HP/Desktop/CasoCerrado/src/Modelo/Bitacora.java</file>
            <file>file:/C:/Users/HP/Desktop/CasoCerrado/src/Modelo/Cibercrimen.java</file>
            <file>file:/C:/Users/HP/Desktop/CasoCerrado/src/Modelo/Direccion.java</file>
            <file>file:/C:/Users/HP/Desktop/CasoCerrado/src/Modelo/Narcoticos.java</file>
            <file>file:/C:/Users/HP/Desktop/CasoCerrado/src/Modelo/Detective.java</file>
            <file>file:/C:/Users/HP/Desktop/CasoCerrado/src/Modelo/Caso.java</file>
            <file>file:/C:/Users/HP/Desktop/CasoCerrado/src/Vista/Principal.java</file>
        </group>
    </open-files>
</project-private>
